title,genre
"Avatar","Action"
"Avatar","Adventure"
"Avatar","Fantasy"
"Avatar","Science Fiction"
"Spectre","Action"
"Spectre","Adventure"
"Spectre","Crime"
"Tangled","Animation"
"Tangled","Family"
"Titanic","Drama"
"Titanic","Romance"
"Titanic","Thriller"
"Battleship","Thriller"
"Battleship","Action"
"Battleship","Adventure"
"Battleship","Science Fiction"
"Skyfall","Action"
"Skyfall","Adventure"
"Skyfall","Thriller"
"Brave","Animation"
"Brave","Adventure"
"Brave","Comedy"
"Brave","Family"
"Brave","Action"
"Brave","Fantasy"
"2012","Action"
"2012","Adventure"
"2012","Science Fiction"
"Up","Animation"
"Up","Comedy"
"Up","Family"
"Up","Adventure"
"Hugo","Adventure"
"Hugo","Drama"
"Hugo","Family"
"Waterworld","Adventure"
"Waterworld","Action"
"Maleficent","Fantasy"
"Maleficent","Adventure"
"Maleficent","Action"
"Maleficent","Family"
"Maleficent","Romance"
"Tomorrowland","Adventure"
"Tomorrowland","Family"
"Tomorrowland","Mystery"
"Tomorrowland","Science Fiction"
"Interstellar","Adventure"
"Interstellar","Drama"
"Interstellar","Science Fiction"
"Inception","Action"
"Inception","Thriller"
"Inception","Science Fiction"
"Inception","Mystery"
"Inception","Adventure"
"Poseidon","Adventure"
"Poseidon","Action"
"Poseidon","Drama"
"Poseidon","Thriller"
"Warcraft","Action"
"Warcraft","Adventure"
"Warcraft","Fantasy"
"Transformers","Adventure"
"Transformers","Science Fiction"
"Transformers","Action"
"Alexander","War"
"Alexander","History"
"Alexander","Action"
"Alexander","Adventure"
"Alexander","Drama"
"Alexander","Romance"
"Hancock","Fantasy"
"Hancock","Action"
"Ratatouille","Animation"
"Ratatouille","Comedy"
"Ratatouille","Family"
"Ratatouille","Fantasy"
"Frozen","Animation"
"Frozen","Adventure"
"Frozen","Family"
"Thor","Adventure"
"Thor","Fantasy"
"Thor","Action"
"Bolt","Animation"
"Bolt","Family"
"Bolt","Adventure"
"Bolt","Comedy"
"Pan","Adventure"
"Pan","Family"
"Pan","Fantasy"
"Troy","Adventure"
"Troy","Drama"
"Troy","War"
"Ghostbusters","Action"
"Ghostbusters","Fantasy"
"Ghostbusters","Comedy"
"Armageddon","Action"
"Armageddon","Thriller"
"Armageddon","Science Fiction"
"Armageddon","Adventure"
"Beowulf","Adventure"
"Beowulf","Action"
"Beowulf","Animation"
"Stealth","Action"
"Watchmen","Action"
"Watchmen","Mystery"
"Watchmen","Science Fiction"
"Hulk","Drama"
"Hulk","Action"
"Hulk","Science Fiction"
"Sahara","Action"
"Sahara","Adventure"
"Sahara","Comedy"
"Sahara","Drama"
"Sahara","Mystery"
"Turbo","Animation"
"Turbo","Family"
"Rango","Animation"
"Rango","Comedy"
"Rango","Family"
"Rango","Western"
"Rango","Adventure"
"Home","Fantasy"
"Home","Comedy"
"Home","Animation"
"Home","Science Fiction"
"Home","Family"
"Salt","Action"
"Salt","Mystery"
"Salt","Thriller"
"Noah","Drama"
"Noah","Adventure"
"Australia","Drama"
"Dinosaur","Animation"
"Dinosaur","Family"
"Megamind","Animation"
"Megamind","Action"
"Megamind","Comedy"
"Megamind","Family"
"Megamind","Science Fiction"
"X2","Adventure"
"X2","Action"
"X2","Science Fiction"
"X2","Thriller"
"Prometheus","Science Fiction"
"Prometheus","Adventure"
"Prometheus","Mystery"
"Elysium","Science Fiction"
"Elysium","Action"
"Elysium","Drama"
"Elysium","Thriller"
"RoboCop","Action"
"RoboCop","Science Fiction"
"Oblivion","Action"
"Oblivion","Science Fiction"
"Oblivion","Adventure"
"Oblivion","Mystery"
"Windtalkers","Drama"
"Windtalkers","Action"
"Windtalkers","History"
"Windtalkers","War"
"Gravity","Science Fiction"
"Gravity","Thriller"
"Gravity","Drama"
"Insurgent","Adventure"
"Insurgent","Science Fiction"
"Insurgent","Thriller"
"Allegiant","Adventure"
"Allegiant","Science Fiction"
"Ali","Drama"
"Gladiator","Action"
"Gladiator","Drama"
"Gladiator","Adventure"
"Eraser","Action"
"Eraser","Drama"
"Eraser","Mystery"
"Eraser","Thriller"
"Eragon","Fantasy"
"Eragon","Action"
"Eragon","Adventure"
"Eragon","Family"
"Epic","Animation"
"Epic","Adventure"
"Epic","Family"
"Epic","Fantasy"
"Catwoman","Action"
"Catwoman","Crime"
"Hercules","Action"
"Hercules","Adventure"
"Cinderella","Romance"
"Cinderella","Fantasy"
"Cinderella","Family"
"Cinderella","Drama"
"Transcendence","Thriller"
"Transcendence","Science Fiction"
"Transcendence","Drama"
"Transcendence","Mystery"
"Unstoppable","Action"
"Unstoppable","Thriller"
"Mulan","Animation"
"Mulan","Family"
"Mulan","Adventure"
"Valkyrie","Drama"
"Valkyrie","Thriller"
"Valkyrie","History"
"Valkyrie","War"
"Pixels","Action"
"Pixels","Comedy"
"Pixels","Science Fiction"
"Contact","Drama"
"Contact","Science Fiction"
"Contact","Mystery"
"Rio","Animation"
"Rio","Adventure"
"Rio","Comedy"
"Rio","Family"
"Volcano","Science Fiction"
"Volcano","Action"
"Volcano","Drama"
"Volcano","Thriller"
"Seabiscuit","Drama"
"Seabiscuit","History"
"Twister","Action"
"Twister","Adventure"
"Twister","Drama"
"Enchanted","Comedy"
"Enchanted","Family"
"Enchanted","Fantasy"
"Enchanted","Romance"
"Divergent","Adventure"
"Divergent","Action"
"Divergent","Science Fiction"
"Dredd","Action"
"Dredd","Science Fiction"
"Click","Comedy"
"Click","Drama"
"Click","Fantasy"
"Click","Romance"
"Creepshow","Horror"
"Creepshow","Comedy"
"Creepshow","Fantasy"
"Jumper","Adventure"
"Jumper","Fantasy"
"Jumper","Science Fiction"
"Zodiac","Crime"
"Zodiac","Drama"
"Zodiac","Mystery"
"Zodiac","Thriller"
"Robots","Animation"
"Robots","Comedy"
"Robots","Family"
"Robots","Science Fiction"
"Flubber","Comedy"
"Flubber","Family"
"Flubber","Science Fiction"
"Fury","War"
"Fury","Drama"
"Fury","Action"
"Zookeeper","Comedy"
"Zookeeper","Romance"
"Zookeeper","Family"
"Swordfish","Action"
"Swordfish","Crime"
"Swordfish","Thriller"
"Surrogates","Action"
"Surrogates","Science Fiction"
"Surrogates","Thriller"
"Daylight","Action"
"Daylight","Adventure"
"Daylight","Thriller"
"Nine","Drama"
"Nine","Music"
"Nine","Romance"
"Timeline","Action"
"Timeline","Adventure"
"Timeline","Science Fiction"
"Oceans","Documentary"
"Oceans","Family"
"Pompeii","Action"
"Pompeii","Adventure"
"Pompeii","History"
"Pompeii","Romance"
"Pompeii","Drama"
"Hidalgo","Western"
"Hidalgo","Adventure"
"Madagascar","Family"
"Madagascar","Animation"
"Wanted","Action"
"Wanted","Thriller"
"Wanted","Crime"
"Hairspray","Family"
"Hairspray","Comedy"
"Hairspray","Music"
"Hairspray","Romance"
"Dreamgirls","Drama"
"Munich","Drama"
"Munich","Action"
"Munich","History"
"Munich","Thriller"
"Killers","Action"
"Killers","Comedy"
"Killers","Thriller"
"Killers","Romance"
"Spanglish","Comedy"
"Bandits","Action"
"Bandits","Comedy"
"Bandits","Crime"
"Bandits","Romance"
"Immortals","Fantasy"
"Immortals","Action"
"Immortals","Drama"
"Hostage","Mystery"
"Hostage","Drama"
"Hostage","Thriller"
"Hostage","Crime"
"Soldier","Action"
"Soldier","War"
"Soldier","Science Fiction"
"Carriers","Action"
"Carriers","Drama"
"Carriers","Horror"
"Carriers","Science Fiction"
"Carriers","Thriller"
"Monkeybone","Adventure"
"Monkeybone","Fantasy"
"Monkeybone","Animation"
"Monkeybone","Action"
"Monkeybone","Comedy"
"Unbreakable","Science Fiction"
"Unbreakable","Thriller"
"Unbreakable","Drama"
"Minions","Family"
"Minions","Animation"
"Minions","Adventure"
"Minions","Comedy"
"Sphere","Science Fiction"
"Braveheart","Action"
"Braveheart","Drama"
"Braveheart","History"
"Braveheart","War"
"Jarhead","Drama"
"Jarhead","War"
"Driven","Action"
"Signs","Drama"
"Signs","Thriller"
"Signs","Science Fiction"
"Signs","Mystery"
"Cars","Animation"
"Cars","Adventure"
"Cars","Comedy"
"Cars","Family"
"xXx","Action"
"xXx","Adventure"
"xXx","Thriller"
"Ransom","Action"
"Ransom","Thriller"
"Hook","Adventure"
"Hook","Fantasy"
"Hook","Comedy"
"Hook","Family"
"Wolf","Fantasy"
"Stardust","Adventure"
"Stardust","Fantasy"
"Stardust","Romance"
"Stardust","Family"
"Doom","Adventure"
"Doom","Action"
"Doom","Horror"
"Rollerball","Action"
"Rollerball","Science Fiction"
"Rollerball","Thriller"
"Blackhat","Crime"
"Blackhat","Drama"
"Blackhat","Mystery"
"Agora","Adventure"
"Agora","Drama"
"Agora","History"
"Entrapment","Romance"
"Entrapment","Drama"
"Entrapment","Mystery"
"Dreamcatcher","Drama"
"Dreamcatcher","Horror"
"Dreamcatcher","Science Fiction"
"Dreamcatcher","Thriller"
"Lincoln","History"
"Lincoln","Drama"
"Unbroken","Drama"
"Unbroken","War"
"Cliffhanger","Action"
"Cliffhanger","Adventure"
"Cliffhanger","Thriller"
"Annie","Comedy"
"Annie","Drama"
"Annie","Family"
"Focus","Romance"
"Focus","Comedy"
"Focus","Crime"
"Focus","Drama"
"Elektra","Action"
"Elektra","Fantasy"
"Everest","Adventure"
"Everest","Drama"
"Hop","Animation"
"Hop","Comedy"
"Hop","Family"
"300","Action"
"300","Adventure"
"300","War"
"GoldenEye","Adventure"
"GoldenEye","Action"
"GoldenEye","Thriller"
"Antz","Adventure"
"Antz","Animation"
"Antz","Comedy"
"Antz","Family"
"RED","Action"
"RED","Adventure"
"RED","Comedy"
"RED","Crime"
"RED","Thriller"
"Collateral","Drama"
"Collateral","Crime"
"Collateral","Thriller"
"Contagion","Drama"
"Contagion","Thriller"
"Contagion","Science Fiction"
"Coraline","Animation"
"Coraline","Family"
"Hellboy","Fantasy"
"Hellboy","Action"
"Hellboy","Science Fiction"
"ParaNorman","Family"
"ParaNorman","Animation"
"ParaNorman","Adventure"
"ParaNorman","Comedy"
"Paycheck","Action"
"Paycheck","Adventure"
"Paycheck","Mystery"
"Paycheck","Science Fiction"
"Paycheck","Thriller"
"Joy","Drama"
"Joy","Comedy"
"Shooter","Action"
"Shooter","Drama"
"Shooter","Mystery"
"Shooter","Thriller"
"Shooter","Crime"
"Invictus","Drama"
"Invictus","History"
"Duplicity","Romance"
"Duplicity","Comedy"
"Duplicity","Crime"
"Priest","Action"
"Priest","Science Fiction"
"Priest","Fantasy"
"Priest","Thriller"
"Priest","Horror"
"Dragonfly","Drama"
"Flyboys","Action"
"Flyboys","Adventure"
"Flyboys","Drama"
"Flyboys","History"
"Flyboys","Romance"
"Flyboys","War"
"Supernova","Horror"
"Supernova","Science Fiction"
"Supernova","Thriller"
"Edtv","Comedy"
"Inkheart","Adventure"
"Inkheart","Family"
"Inkheart","Fantasy"
"Mortdecai","Comedy"
"Mortdecai","Adventure"
"Deadpool","Action"
"Deadpool","Adventure"
"Deadpool","Comedy"
"Goosebumps","Adventure"
"Goosebumps","Horror"
"Goosebumps","Comedy"
"Leatherheads","Comedy"
"Leatherheads","Romance"
"Leatherheads","Drama"
"DragonHeart","Fantasy"
"Pocahontas","Adventure"
"Pocahontas","Animation"
"Pocahontas","Drama"
"Pocahontas","Family"
"Superman","Action"
"Superman","Adventure"
"Superman","Fantasy"
"Superman","Science Fiction"
"Hitch","Comedy"
"Hitch","Drama"
"Hitch","Romance"
"Casper","Fantasy"
"Casper","Comedy"
"Casper","Family"
"Flightplan","Thriller"
"Flightplan","Drama"
"Flightplan","Mystery"
"Disclosure","Drama"
"Disclosure","Thriller"
"Disclosure","Crime"
"Disclosure","Mystery"
"Disclosure","Romance"
"Bowfinger","Comedy"
"Evita","History"
"Evita","Drama"
"Evita","Music"
"Ronin","Action"
"Ronin","Thriller"
"Ronin","Crime"
"Ronin","Adventure"
"Paddington","Family"
"Paddington","Comedy"
"Instinct","Drama"
"Instinct","Mystery"
"Instinct","Thriller"
"Changeling","Crime"
"Changeling","Drama"
"Changeling","Mystery"
"Turbulence","Action"
"Turbulence","Thriller"
"Turbulence","Crime"
"Thunderbirds","Action"
"Thunderbirds","Adventure"
"Thunderbirds","Comedy"
"Thunderbirds","Family"
"Thunderbirds","Fantasy"
"Thunderbirds","Science Fiction"
"Burlesque","Drama"
"Burlesque","Romance"
"Lolita","Drama"
"Lolita","Romance"
"Elizabethtown","Comedy"
"Elizabethtown","Drama"
"Elizabethtown","Romance"
"Gigli","Drama"
"Shaft","Action"
"Shaft","Adventure"
"Shaft","Crime"
"Shaft","Thriller"
"Anastasia","Animation"
"Anastasia","Family"
"Grindhouse","Thriller"
"Grindhouse","Action"
"Grindhouse","Horror"
"Beloved","Drama"
"Beloved","Thriller"
"Casino","Drama"
"Casino","Crime"
"Barnyard","Animation"
"Barnyard","Comedy"
"Barnyard","Family"
"Shrek","Adventure"
"Shrek","Animation"
"Shrek","Comedy"
"Shrek","Family"
"Shrek","Fantasy"
"Ted","Comedy"
"Ted","Fantasy"
"Stepmom","Drama"
"Stepmom","Romance"
"Payback","Drama"
"Payback","Action"
"Payback","Thriller"
"Payback","Crime"
"Congo","Action"
"Congo","Adventure"
"Congo","Drama"
"Congo","Mystery"
"Congo","Science Fiction"
"Congo","Thriller"
"Knowing","Action"
"Knowing","Adventure"
"Knowing","Drama"
"Knowing","Mystery"
"Knowing","Science Fiction"
"Knowing","Thriller"
"Garfield","Animation"
"Garfield","Comedy"
"Garfield","Family"
"Moneyball","Drama"
"Outbreak","Action"
"Outbreak","Drama"
"Outbreak","Science Fiction"
"Outbreak","Thriller"
"Unfaithful","Thriller"
"Unfaithful","Drama"
"Syriana","Drama"
"Syriana","Thriller"
"Firewall","Thriller"
"Striptease","Drama"
"Striptease","Thriller"
"Striptease","Crime"
"Marmaduke","Family"
"Marmaduke","Comedy"
"Hereafter","Drama"
"Hereafter","Fantasy"
"Assassins","Action"
"Assassins","Adventure"
"Assassins","Crime"
"Assassins","Thriller"
"Basic","Action"
"Basic","Drama"
"Basic","Mystery"
"Basic","Thriller"
"Basic","Crime"
"Domino","Action"
"Domino","Crime"
"Jade","Action"
"Jade","Thriller"
"Jade","Mystery"
"Jade","Romance"
"Gamer","Action"
"Gamer","Thriller"
"Gamer","Science Fiction"
"Traffic","Thriller"
"Traffic","Drama"
"Traffic","Crime"
"Chappie","Crime"
"Chappie","Action"
"Chappie","Science Fiction"
"Bedazzled","Fantasy"
"Bedazzled","Comedy"
"Bedazzled","Romance"
"Insomnia","Crime"
"Insomnia","Mystery"
"Insomnia","Thriller"
"Inchon","Drama"
"Inchon","History"
"Inchon","War"
"Prisoners","Drama"
"Prisoners","Thriller"
"Prisoners","Crime"
"Blade","Horror"
"Blade","Action"
"Anaconda","Adventure"
"Anaconda","Horror"
"Anaconda","Thriller"
"Blended","Comedy"
"Savages","Crime"
"Savages","Drama"
"Savages","Thriller"
"Cellular","Action"
"Cellular","Adventure"
"Cellular","Crime"
"Cellular","Thriller"
"Dune","Action"
"Dune","Science Fiction"
"Dune","Adventure"
"Multiplicity","Comedy"
"Multiplicity","Fantasy"
"Multiplicity","Science Fiction"
"Nixon","History"
"Nixon","Drama"
"Argo","Drama"
"Argo","Thriller"
"Sleepers","Crime"
"Sleepers","Drama"
"Sleepers","Thriller"
"Pinocchio","Animation"
"Pinocchio","Family"
"Unleashed","Action"
"Unleashed","Crime"
"Boomerang","Comedy"
"Boomerang","Romance"
"Cleopatra","Drama"
"Cleopatra","History"
"Cleopatra","Romance"
"Lucy","Action"
"Lucy","Science Fiction"
"Dracula","Romance"
"Dracula","Horror"
"42","Drama"
"Ray","Drama"
"Ray","Music"
"JFK","Drama"
"JFK","Thriller"
"JFK","History"
"Spawn","Action"
"Spawn","Adventure"
"Spawn","Fantasy"
"Spawn","Horror"
"Spawn","Science Fiction"
"Spawn","Thriller"
"Unknown","Action"
"Unknown","Mystery"
"Unknown","Thriller"
"Apocalypto","Action"
"Apocalypto","Adventure"
"Apocalypto","Drama"
"Apocalypto","Thriller"
"Predators","Action"
"Predators","Science Fiction"
"Predators","Adventure"
"Predators","Thriller"
"Gothika","Horror"
"Gothika","Thriller"
"Amistad","Drama"
"Amistad","History"
"Amistad","Mystery"
"Paul","Adventure"
"Paul","Comedy"
"Paul","Science Fiction"
"8MM","Thriller"
"8MM","Crime"
"8MM","Mystery"
"Rent","Drama"
"Rent","Romance"
"Colombiana","Action"
"Colombiana","Thriller"
"Colombiana","Crime"
"Colombiana","Drama"
"Torque","Action"
"Showgirls","Drama"
"Ishtar","Action"
"Ishtar","Adventure"
"Ishtar","Comedy"
"Alfie","Comedy"
"FearDotCom","Horror"
"FearDotCom","Thriller"
"Duplex","Action"
"Duplex","Comedy"
"Duplex","Thriller"
"Pandorum","Action"
"Pandorum","Horror"
"Pandorum","Mystery"
"Pandorum","Science Fiction"
"Pandorum","Thriller"
"Impostor","Action"
"Impostor","Science Fiction"
"Impostor","Thriller"
"Sunshine","Science Fiction"
"Sunshine","Thriller"
"Delgo","Adventure"
"Delgo","Fantasy"
"Delgo","Animation"
"Delgo","Comedy"
"Delgo","Science Fiction"
"Delgo","Family"
"Stormbreaker","Adventure"
"Stormbreaker","Action"
"Stormbreaker","Family"
"Disturbia","Thriller"
"Disturbia","Drama"
"Disturbia","Mystery"
"Hackers","Action"
"Hackers","Crime"
"Hackers","Thriller"
"Hackers","Drama"
"Nomad","Action"
"Nomad","History"
"Nomad","War"
"Snowpiercer","Action"
"Snowpiercer","Science Fiction"
"Snowpiercer","Drama"
"Frankenweenie","Animation"
"Frankenweenie","Comedy"
"Frankenweenie","Family"
"Serenity","Science Fiction"
"Serenity","Action"
"Serenity","Adventure"
"Serenity","Thriller"
"Enough","Drama"
"Enough","Thriller"
"Heartbreakers","Crime"
"Heartbreakers","Comedy"
"Heartbreakers","Romance"
"Precious","Drama"
"Riddick","Science Fiction"
"Riddick","Action"
"Riddick","Thriller"
"Switchback","Action"
"Switchback","Adventure"
"Switchback","Mystery"
"Switchback","Thriller"
"Creed","Drama"
"Rush","Drama"
"Rush","Action"
"Magnolia","Drama"
"Twilight","Adventure"
"Twilight","Fantasy"
"Twilight","Drama"
"Twilight","Romance"
"Breakdown","Drama"
"Breakdown","Action"
"Breakdown","Thriller"
"Aloha","Drama"
"Aloha","Comedy"
"Aloha","Romance"
"Gattaca","Thriller"
"Gattaca","Science Fiction"
"Gattaca","Mystery"
"Gattaca","Romance"
"Batman","Fantasy"
"Batman","Action"
"21","Drama"
"21","Crime"
"Trainwreck","Comedy"
"Species","Science Fiction"
"Species","Horror"
"Species","Action"
"Secretariat","Drama"
"TMNT","Adventure"
"TMNT","Animation"
"TMNT","Comedy"
"TMNT","Family"
"Radio","Drama"
"Poltergeist","Horror"
"Closer","Drama"
"Closer","Romance"
"Mirrors","Horror"
"Mirrors","Mystery"
"Mirrors","Thriller"
"Untraceable","Drama"
"Heist","Crime"
"Heist","Action"
"Heist","Thriller"
"Hoffa","Crime"
"Hoffa","History"
"Concussion","Drama"
"Abduction","Thriller"
"Abduction","Action"
"Abduction","Mystery"
"Valiant","Animation"
"Valiant","Family"
"Valiant","Adventure"
"Cursed","Horror"
"Cursed","Comedy"
"Parker","Action"
"Parker","Crime"
"Wimbledon","Comedy"
"Wimbledon","Romance"
"Bait","Action"
"Bait","Horror"
"Bait","Thriller"
"Krull","Fantasy"
"Krull","Action"
"Krull","Adventure"
"Whiteout","Action"
"Whiteout","Crime"
"Whiteout","Mystery"
"Whiteout","Thriller"
"Sabotage","Action"
"Sabotage","Drama"
"Sabotage","Thriller"
"Sabotage","Crime"
"Zoom","Family"
"Zoom","Fantasy"
"Zoom","Comedy"
"Biutiful","Drama"
"Bandidas","Action"
"Bandidas","Comedy"
"Bandidas","Western"
"Bandidas","Crime"
"Stolen","Action"
"Stolen","Crime"
"Stolen","Drama"
"Stolen","Thriller"
"Reds","Drama"
"Reds","History"
"Safe","Action"
"Safe","Crime"
"Safe","Thriller"
"Doomsday","Action"
"Doomsday","Thriller"
"Doomsday","Science Fiction"
"Wanderlust","Comedy"
"Elf","Comedy"
"Elf","Family"
"Elf","Fantasy"
"Phenomenon","Drama"
"Phenomenon","Fantasy"
"Phenomenon","Romance"
"Phenomenon","Science Fiction"
"Scrooged","Fantasy"
"Scrooged","Comedy"
"Scrooged","Drama"
"Bridesmaids","Comedy"
"Bridesmaids","Romance"
"Stigmata","Horror"
"Takers","Action"
"Takers","Crime"
"Takers","Drama"
"Takers","Thriller"
"Alive","Action"
"Alive","Adventure"
"Alive","Drama"
"Alive","Thriller"
"1941","Action"
"1941","Comedy"
"Bogus","Fantasy"
"Bogus","Comedy"
"Bogus","Family"
"Criminal","Action"
"Flight","Drama"
"Moonraker","Action"
"Moonraker","Adventure"
"Moonraker","Thriller"
"Moonraker","Science Fiction"
"Arachnophobia","Comedy"
"Arachnophobia","Horror"
"Frequency","Crime"
"Frequency","Drama"
"Frequency","Science Fiction"
"Frequency","Thriller"
"Vacation","Comedy"
"Chicago","Action"
"Chicago","Comedy"
"Chicago","Crime"
"Chicago","Drama"
"Chicago","Music"
"Speed","Action"
"Speed","Adventure"
"Speed","Crime"
"Se7en","Crime"
"Se7en","Mystery"
"Se7en","Thriller"
"Looper","Action"
"Looper","Thriller"
"Looper","Science Fiction"
"Babe","Fantasy"
"Babe","Drama"
"Babe","Comedy"
"Babe","Family"
"Blow","Crime"
"Blow","Drama"
"Atonement","Drama"
"Atonement","Romance"
"Sicario","Action"
"Sicario","Crime"
"Sicario","Drama"
"Sicario","Mystery"
"Sicario","Thriller"
"Southpaw","Action"
"Southpaw","Drama"
"Hanna","Action"
"Hanna","Thriller"
"Hanna","Adventure"
"Carrie","Drama"
"Carrie","Horror"
"9","Action"
"9","Adventure"
"9","Animation"
"9","Science Fiction"
"9","Thriller"
"Bulworth","Comedy"
"Bulworth","Drama"
"Virtuosity","Action"
"Virtuosity","Crime"
"Virtuosity","Science Fiction"
"Virtuosity","Thriller"
"Sanctum","Action"
"Sanctum","Thriller"
"Ultraviolet","Science Fiction"
"Ultraviolet","Action"
"Ultraviolet","Thriller"
"Fled","Action"
"Fled","Comedy"
"Fled","Thriller"
"Splice","Horror"
"Splice","Thriller"
"Splice","Science Fiction"
"Godsend","Drama"
"Godsend","Horror"
"Godsend","Science Fiction"
"Godsend","Thriller"
"Antitrust","Action"
"Antitrust","Crime"
"Antitrust","Drama"
"Glory","War"
"Supercross","Action"
"Supercross","Adventure"
"Supercross","Drama"
"Supercross","Romance"
"Mumford","Comedy"
"Mumford","Drama"
"Mumford","Romance"
"Aladdin","Animation"
"Aladdin","Family"
"Aladdin","Comedy"
"Aladdin","Adventure"
"Aladdin","Fantasy"
"Aladdin","Romance"
"Miracle","Drama"
"Miracle","History"
"Identity","Mystery"
"Identity","Thriller"
"Serendipity","Comedy"
"Serendipity","Romance"
"Timecop","Thriller"
"Timecop","Science Fiction"
"Timecop","Action"
"Timecop","Crime"
"Zoolander","Comedy"
"Kundun","Drama"
"Alatriste","Action"
"Octopussy","Adventure"
"Octopussy","Action"
"Octopussy","Thriller"
"Rendition","Drama"
"Rendition","Thriller"
"Anonymous","Drama"
"Anonymous","History"
"Anonymous","Thriller"
"Flawless","Comedy"
"Flawless","Drama"
"Mindhunters","Mystery"
"Mindhunters","Thriller"
"Mindhunters","Crime"
"EverAfter","Drama"
"EverAfter","Romance"
"EverAfter","Comedy"
"Flatliners","Drama"
"Flatliners","Horror"
"Flatliners","Science Fiction"
"Flatliners","Thriller"
"Legion","Horror"
"Clockstoppers","Adventure"
"Clockstoppers","Family"
"Clockstoppers","Science Fiction"
"Clockstoppers","Thriller"
"Silverado","Action"
"Silverado","Crime"
"Silverado","Drama"
"Silverado","Western"
"Brothers","Drama"
"Brothers","Thriller"
"Brothers","War"
"Flipper","Adventure"
"Flipper","Family"
"Taken","Action"
"Taken","Thriller"
"Viy","Thriller"
"Viy","Adventure"
"Viy","Mystery"
"Viy","Fantasy"
"Cloverfield","Action"
"Cloverfield","Thriller"
"Cloverfield","Science Fiction"
"Chocolat","Comedy"
"Chocolat","Drama"
"Chocolat","Romance"
"Tombstone","Action"
"Tombstone","Adventure"
"Tombstone","Drama"
"Tombstone","History"
"Tombstone","Western"
"GoodFellas","Drama"
"GoodFellas","Crime"
"Scarface","Action"
"Scarface","Crime"
"Scarface","Drama"
"Scarface","Thriller"
"Contraband","Thriller"
"Contraband","Action"
"Contraband","Drama"
"Contraband","Crime"
"Elizabeth","Drama"
"Elizabeth","History"
"Kingpin","Comedy"
"War","Action"
"War","Thriller"
"War","Crime"
"EuroTrip","Comedy"
"Legend","Crime"
"Legend","Thriller"
"Lifeforce","Fantasy"
"Lifeforce","Horror"
"Lifeforce","Science Fiction"
"Lifeforce","Thriller"
"Warrior","Action"
"Warrior","Drama"
"Gettysburg","War"
"Gettysburg","Drama"
"Gettysburg","History"
"Abandon","Drama"
"Abandon","Mystery"
"Abandon","Thriller"
"Sheena","Action"
"Sheena","Adventure"
"Sheena","Comedy"
"Sheena","Fantasy"
"Sheena","Science Fiction"
"Underclassman","Action"
"Underclassman","Comedy"
"Blindness","Drama"
"Blindness","Mystery"
"Blindness","Science Fiction"
"Blindness","Thriller"
"BloodRayne","Action"
"BloodRayne","Adventure"
"BloodRayne","Fantasy"
"BloodRayne","Horror"
"Carnage","Comedy"
"Carnage","Drama"
"Ironclad","Romance"
"Ironclad","Adventure"
"Ironclad","Action"
"Ironclad","History"
"Waterloo","History"
"Waterloo","Action"
"Waterloo","Drama"
"Footloose","Drama"
"Footloose","Family"
"Footloose","Music"
"Footloose","Romance"
"Faster","Crime"
"Faster","Drama"
"Faster","Action"
"Faster","Thriller"
"Zombieland","Comedy"
"Zombieland","Horror"
"Her","Romance"
"Her","Science Fiction"
"Her","Drama"
"Haywire","Action"
"Haywire","Thriller"
"Forsaken","Western"
"Forsaken","Drama"
"1408","Horror"
"1408","Thriller"
"Spaceballs","Comedy"
"Spaceballs","Science Fiction"
"Ghost","Fantasy"
"Ghost","Drama"
"Ghost","Thriller"
"Ghost","Mystery"
"Ghost","Romance"
"Gandhi","Drama"
"Gandhi","History"
"Underworld","Fantasy"
"Underworld","Action"
"Underworld","Thriller"
"Derailed","Drama"
"Derailed","Thriller"
"Shadowlands","Drama"
"Shadowlands","Romance"
"Homefront","Action"
"Homefront","Thriller"
"Zwartboek","Drama"
"Zwartboek","Thriller"
"Zwartboek","War"
"Sorcerer","Action"
"Sorcerer","Thriller"
"Sorcerer","Adventure"
"Stone","Drama"
"Metegol","Animation"
"Metegol","Adventure"
"Metegol","Romance"
"Firefox","Science Fiction"
"Firefox","Action"
"Firefox","Adventure"
"Firefox","Thriller"
"Hardball","Comedy"
"Hardball","Romance"
"Molly","Drama"
"Molly","Comedy"
"Molly","Romance"
"eXistenZ","Action"
"eXistenZ","Thriller"
"eXistenZ","Science Fiction"
"eXistenZ","Horror"
"Pulse","Horror"
"Pulse","Thriller"
"Tammy","Comedy"
"Holes","Adventure"
"Holes","Family"
"Holes","Drama"
"Holes","Comedy"
"Drumline","Drama"
"Drumline","Romance"
"Drumline","Comedy"
"Drumline","Music"
"Selma","History"
"Selma","Drama"
"Boogeyman","Thriller"
"Boogeyman","Horror"
"Boogeyman","Drama"
"Boogeyman","Mystery"
"Premonition","Thriller"
"Premonition","Drama"
"Premonition","Mystery"
"Orphan","Horror"
"Orphan","Thriller"
"Orphan","Mystery"
"Max","Adventure"
"Max","Drama"
"Max","Family"
"Spotlight","Drama"
"Spotlight","Thriller"
"Spotlight","History"
"Selena","Drama"
"Babel","Drama"
"Doubt","Drama"
"Doubt","Mystery"
"Copycat","Drama"
"Copycat","Thriller"
"Milk","History"
"Milk","Drama"
"Risen","Action"
"Daybreakers","Fantasy"
"Daybreakers","Horror"
"Daybreakers","Action"
"Daybreakers","Thriller"
"Daybreakers","Science Fiction"
"Shorts","Comedy"
"Shorts","Family"
"Nerve","Mystery"
"Nerve","Adventure"
"Nerve","Crime"
"Appaloosa","Drama"
"Appaloosa","Western"
"Appaloosa","Crime"
"Vampires","Action"
"Vampires","Drama"
"Vampires","Fantasy"
"Vampires","Horror"
"Vampires","Thriller"
"Psycho","Drama"
"Psycho","Horror"
"Psycho","Thriller"
"Ladyhawke","Adventure"
"Ladyhawke","Drama"
"Ladyhawke","Fantasy"
"Ladyhawke","Romance"
"Paparazzi","Action"
"Paparazzi","Drama"
"Paparazzi","Thriller"
"Loser","Drama"
"Loser","Comedy"
"Loser","Romance"
"Loser","Family"
"Armored","Action"
"Armored","Crime"
"Armored","Drama"
"Armored","Thriller"
"Lockout","Action"
"Lockout","Thriller"
"Lockout","Science Fiction"
"Envy","Comedy"
"Undisputed","Action"
"Undisputed","Adventure"
"Undisputed","Drama"
"Undisputed","Thriller"
"Burnt","Drama"
"Doogal","Family"
"Willard","Horror"
"Bandslam","Comedy"
"Bandslam","Drama"
"Bandslam","Family"
"Bandslam","Music"
"Birth","Drama"
"Birth","Mystery"
"Birth","Thriller"
"Passchendaele","Drama"
"Passchendaele","Romance"
"Passchendaele","War"
"Passchendaele","History"
"Equilibrium","Action"
"Equilibrium","Science Fiction"
"Equilibrium","Thriller"
"Steamboy","Animation"
"Steamboy","Fantasy"
"Steamboy","Science Fiction"
"Regression","Horror"
"Regression","Mystery"
"Regression","Thriller"
"Zambezia","Comedy"
"Zambezia","Animation"
"Zambezia","Adventure"
"Zambezia","Family"
"Dwegons","Animation"
"Survivor","Thriller"
"Scream","Crime"
"Scream","Horror"
"Scream","Mystery"
"Indignation","Drama"
"Neighbors","Comedy"
"Big","Fantasy"
"Big","Drama"
"Big","Comedy"
"Big","Romance"
"Big","Family"
"Predator","Science Fiction"
"Predator","Action"
"Predator","Adventure"
"Predator","Thriller"
"Amadeus","Drama"
"Amadeus","History"
"Amadeus","Music"
"Birdman","Drama"
"Birdman","Comedy"
"Honey","Romance"
"Honey","Music"
"Honey","Family"
"Fame","Music"
"Fame","Comedy"
"Fame","Drama"
"Fame","Romance"
"Getaway","Action"
"Getaway","Crime"
"Dragonslayer","Fantasy"
"RockNRolla","Action"
"RockNRolla","Crime"
"RockNRolla","Thriller"
"Megaforce","Adventure"
"Megaforce","Action"
"Megaforce","Science Fiction"
"Hamlet","Drama"
"Restoration","Horror"
"Carlos","Crime"
"Carlos","Drama"
"Carlos","Thriller"
"Carlos","History"
"Renaissance","Action"
"Renaissance","Animation"
"Renaissance","Science Fiction"
"Superbad","Comedy"
"Wolves","Horror"
"Wolves","Action"
"Hitman","Action"
"Hitman","Crime"
"Hitman","Drama"
"Hitman","Thriller"
"Aliens","Horror"
"Aliens","Action"
"Aliens","Thriller"
"Aliens","Science Fiction"
"Sideways","Comedy"
"Sideways","Drama"
"Sideways","Romance"
"Beerfest","Comedy"
"Halloween","Horror"
"Halloween","Thriller"
"Beastly","Drama"
"Beastly","Fantasy"
"Beastly","Romance"
"ATL","Drama"
"They","Horror"
"They","Thriller"
"Roar","Adventure"
"Roar","Thriller"
"Philadelphia","Drama"
"Meteor","Action"
"Meteor","Science Fiction"
"Meteor","Thriller"
"Duets","Comedy"
"Duets","Drama"
"Duets","Music"
"Highlander","Adventure"
"Highlander","Action"
"Highlander","Fantasy"
"Steel","Science Fiction"
"Steel","Action"
"Steel","Adventure"
"Trance","Thriller"
"Trance","Crime"
"Trance","Drama"
"Trance","Mystery"
"Good","Drama"
"Vamps","Comedy"
"Vamps","Romance"
"Vamps","Horror"
"Zulu","Crime"
"Zulu","Drama"
"Zulu","Thriller"
"Ararat","War"
"Ararat","Drama"
"Madison","Action"
"Madison","Adventure"
"Madison","Drama"
"Wasabi","Drama"
"Wasabi","Action"
"Wasabi","Comedy"
"Slither","Comedy"
"Slither","Horror"
"Slither","Science Fiction"
"Tootsie","Comedy"
"Tootsie","Romance"
"Twins","Comedy"
"Mama","Horror"
"Beetlejuice","Fantasy"
"Beetlejuice","Comedy"
"Snitch","Thriller"
"Snitch","Drama"
"Krampus","Horror"
"Krampus","Comedy"
"Krampus","Fantasy"
"Wild","Drama"
"Drive","Drama"
"Drive","Action"
"Drive","Thriller"
"Drive","Crime"
"Flicka","Drama"
"Keanu","Action"
"Keanu","Comedy"
"Firestarter","Fantasy"
"Firestarter","Drama"
"Firestarter","Horror"
"Firestarter","Action"
"Firestarter","Thriller"
"Idlewild","Crime"
"Idlewild","Drama"
"Idlewild","Music"
"Confidence","Action"
"Confidence","Comedy"
"Confidence","Thriller"
"Confidence","Crime"
"Brazil","Comedy"
"Brazil","Science Fiction"
"Hoot","Drama"
"Hoot","Family"
"Peeples","Comedy"
"Transsiberian","Thriller"
"Transsiberian","Crime"
"Transsiberian","Mystery"
"Listening","Drama"
"Listening","Thriller"
"Listening","Science Fiction"
"Metropolis","Drama"
"Metropolis","Science Fiction"
"Centurion","Adventure"
"Centurion","Action"
"Centurion","Drama"
"Bathory","Drama"
"Bathory","Fantasy"
"Khumba","Animation"
"Khumba","Adventure"
"Khumba","Family"
"Pandaemonium","Drama"
"Pandaemonium","Foreign"
"Freedom","Drama"
"Unforgiven","Western"
"Manderlay","Drama"
"Superstar","Comedy"
"Superstar","Family"
"Thinner","Horror"
"Thinner","Thriller"
"Crooklyn","Comedy"
"Crooklyn","Drama"
"Bobby","History"
"Bobby","Drama"
"Gossip","Drama"
"Gossip","Mystery"
"Gossip","Thriller"
"Caravans","Action"
"Caravans","Adventure"
"Caravans","Drama"
"Caravans","Romance"
"Margaret","Drama"
"Flipped","Romance"
"Flipped","Drama"
"Clueless","Comedy"
"Clueless","Drama"
"Clueless","Romance"
"Quills","Drama"
"Woo","Comedy"
"Woo","Romance"
"Room","Drama"
"Room","Thriller"
"Dick","Comedy"
"54","Music"
"54","Drama"
"Admission","Comedy"
"Admission","Drama"
"Admission","Romance"
"Chloe","Drama"
"Chloe","Thriller"
"Chloe","Mystery"
"Faithful","Comedy"
"Faithful","Crime"
"Faithful","Drama"
"Infamous","Drama"
"Womb","Romance"
"Womb","Science Fiction"
"Machete","Action"
"Machete","Comedy"
"Machete","Thriller"
"Jaws","Horror"
"Jaws","Thriller"
"Jaws","Adventure"
"Barbershop","Comedy"
"Barbershop","Drama"
"WarGames","Thriller"
"WarGames","Science Fiction"
"Witness","Crime"
"Witness","Drama"
"Witness","Romance"
"Witness","Thriller"
"Chronicle","Science Fiction"
"Chronicle","Drama"
"Chronicle","Thriller"
"Yentl","Music"
"Yentl","Drama"
"Yentl","Romance"
"Crossroads","Action"
"Crossroads","Adventure"
"Crossroads","Comedy"
"Crossroads","Drama"
"Crossroads","Family"
"Crossroads","Music"
"Crossroads","Romance"
"Patton","Drama"
"Patton","History"
"Patton","War"
"Quarantine","Horror"
"Quarantine","Science Fiction"
"Quarantine","Thriller"
"Frida","Drama"
"Frida","Romance"
"Rounders","Drama"
"Rounders","Crime"
"Prophecy","Horror"
"Prophecy","Science Fiction"
"Philomena","Drama"
"Aquamarine","Fantasy"
"Aquamarine","Romance"
"Aquamarine","Family"
"Aquamarine","Comedy"
"Nebraska","Drama"
"Nebraska","Adventure"
"Crank","Action"
"Crank","Thriller"
"Crank","Crime"
"Arbitrage","Drama"
"Arbitrage","Thriller"
"Screwed","Action"
"Screwed","Comedy"
"Fortress","Action"
"Fortress","Thriller"
"Fortress","Science Fiction"
"Celebrity","Drama"
"Celebrity","Comedy"
"Ravenous","Comedy"
"Ravenous","Horror"
"Ravenous","Thriller"
"Ravenous","Western"
"Stoker","Drama"
"Stoker","Horror"
"Stoker","Thriller"
"2046","Fantasy"
"2046","Drama"
"2046","Science Fiction"
"2046","Romance"
"Duma","Adventure"
"Duma","Drama"
"Duma","Family"
"Ondine","Drama"
"Ondine","Romance"
"Brother","Crime"
"Brother","Drama"
"Brother","Thriller"
"Trade","Drama"
"Trade","Thriller"
"Cypher","Thriller"
"Cypher","Science Fiction"
"Cypher","Mystery"
"Triangle","Horror"
"Snatch","Thriller"
"Snatch","Crime"
"Gremlins","Fantasy"
"Gremlins","Horror"
"Gremlins","Comedy"
"Trash","Adventure"
"Trash","Crime"
"Trash","Drama"
"Trash","Thriller"
"Brooklyn","Drama"
"Brooklyn","Romance"
"Quartet","Drama"
"Quartet","Comedy"
"Quartet","Romance"
"Tomcats","Comedy"
"Tomcats","Romance"
"Frailty","Drama"
"Frailty","Thriller"
"Frailty","Crime"
"Kinsey","Drama"
"Slackers","Comedy"
"Slackers","Romance"
"O","Drama"
"O","Romance"
"O","Thriller"
"LOL","Drama"
"LOL","Comedy"
"LOL","Romance"
"Jindabyne","Crime"
"Jindabyne","Drama"
"Jindabyne","Mystery"
"Jindabyne","Thriller"
"Darkness","Horror"
"Housefull","Drama"
"Housefull","Comedy"
"Housefull","Romance"
"Housefull","Foreign"
"Misconduct","Drama"
"Misconduct","Thriller"
"Stripes","Action"
"Stripes","Comedy"
"Commando","Action"
"Commando","Adventure"
"Commando","Thriller"
"Devil","Horror"
"Devil","Mystery"
"Devil","Thriller"
"Dogma","Fantasy"
"Dogma","Comedy"
"Dogma","Adventure"
"Swimfan","Drama"
"Swimfan","Thriller"
"Sparkle","Drama"
"Sparkle","Music"
"Valentine","Horror"
"Valentine","Thriller"
"Rushmore","Comedy"
"Rushmore","Drama"
"Skyline","Science Fiction"
"Tremors","Action"
"Tremors","Horror"
"Mud","Drama"
"Sleepover","Comedy"
"Sleepover","Family"
"MacGruber","Action"
"MacGruber","Adventure"
"MacGruber","Comedy"
"Heartbeeps","Comedy"
"Heartbeeps","Romance"
"Heartbeeps","Family"
"Crash","Drama"
"Malone","Action"
"Malone","Thriller"
"Bamboozled","Comedy"
"Bamboozled","Drama"
"Sphinx","Adventure"
"Sphinx","Mystery"
"Sphinx","Thriller"
"Spider","Drama"
"Spider","Mystery"
"Spider","Thriller"
"Illuminata","Drama"
"Rosewater","Drama"
"Coriolanus","Drama"
"Coriolanus","Thriller"
"Severance","Horror"
"Severance","Comedy"
"Severance","Thriller"
"Edmond","Drama"
"Edmond","Thriller"
"Motherhood","Comedy"
"Motherhood","Drama"
"Strangerland","Drama"
"Strangerland","Thriller"
"Eulogy","Comedy"
"Eulogy","Drama"
"Partition","Drama"
"Partition","Foreign"
"Partition","Romance"
"Gunless","Drama"
"Gunless","Action"
"Gunless","Comedy"
"Gunless","Western"
"Adventureland","Comedy"
"Plastic","Drama"
"Plastic","Action"
"Plastic","Comedy"
"Plastic","Crime"
"Amour","Drama"
"Amour","Romance"
"Volver","Comedy"
"Volver","Drama"
"Volver","Romance"
"Kites","Drama"
"Kites","Action"
"Kites","Romance"
"Melancholia","Drama"
"Melancholia","Science Fiction"
"Alien","Horror"
"Alien","Action"
"Alien","Thriller"
"Alien","Science Fiction"
"Thunderball","Adventure"
"Thunderball","Action"
"Thunderball","Thriller"
"Detention","Horror"
"Detention","Comedy"
"Detention","Science Fiction"
"Sicko","Documentary"
"PCU","Comedy"
"Gracie","Drama"
"Barbecue","Comedy"
"Undiscovered","Comedy"
"Undiscovered","Romance"
"Polisse","Drama"
"Awake","Thriller"
"Awake","Crime"
"Awake","Mystery"
"Barbarella","Science Fiction"
"Election","Comedy"
"Glitter","Drama"
"Glitter","Romance"
"Limbo","Adventure"
"Limbo","Drama"
"Limbo","Thriller"
"Nightcrawler","Crime"
"Nightcrawler","Drama"
"Nightcrawler","Thriller"
"Splash","Comedy"
"Splash","Fantasy"
"Splash","Romance"
"Shutter","Horror"
"Shutter","Mystery"
"Shutter","Thriller"
"Kicks","Adventure"
"Prom","Comedy"
"Anomalisa","Animation"
"Anomalisa","Comedy"
"Anomalisa","Drama"
"Anomalisa","Romance"
"Prefontaine","Drama"
"Prefontaine","Romance"
"Restless","TV Movie"
"Restless","Romance"
"Restless","Drama"
"Fido","Romance"
"Fido","Comedy"
"Fido","Drama"
"Fido","Horror"
"Pathology","Crime"
"Pathology","Horror"
"Pathology","Thriller"
"Aloft","Drama"
"Swelter","Action"
"Swelter","Drama"
"Swelter","Thriller"
"Shopgirl","Comedy"
"Shopgirl","Drama"
"Shopgirl","Romance"
"Narc","Action"
"Narc","Crime"
"Narc","Drama"
"Narc","Thriller"
"Extract","Comedy"
"Persepolis","Animation"
"Persepolis","Drama"
"Juno","Comedy"
"Juno","Drama"
"Juno","Romance"
"Flashdance","Drama"
"Flashdance","Music"
"Flashdance","Romance"
"Capote","Crime"
"Capote","Drama"
"Desperado","Thriller"
"Desperado","Action"
"Desperado","Crime"
"Dope","Crime"
"Dope","Drama"
"Dope","Comedy"
"Warlock","Adventure"
"Warlock","Comedy"
"Warlock","Fantasy"
"Warlock","Horror"
"Redbelt","Drama"
"Cyrus","Comedy"
"Cyrus","Drama"
"Cyrus","Romance"
"Somewhere","Comedy"
"Somewhere","Drama"
"Hesher","Drama"
"Gerry","Mystery"
"Gerry","Drama"
"Gerry","Adventure"
"Freeheld","Romance"
"Freeheld","Drama"
"Twixt","Horror"
"Twixt","Thriller"
"Shade","Action"
"Shade","Thriller"
"Shade","Crime"
"Incendies","Drama"
"Incendies","War"
"Incendies","Mystery"
"Annabelle","Horror"
"Go","Crime"
"Go","Comedy"
"Go","Thriller"
"Bats","Horror"
"Bats","Thriller"
"Shame","Drama"
"Aberdeen","Drama"
"Aberdeen","Comedy"
"Aberdeen","Foreign"
"Tracker","Action"
"Tracker","Drama"
"Tracker","Thriller"
"Tracker","Adventure"
"Control","Drama"
"Mallrats","Romance"
"Mallrats","Comedy"
"Grease","Romance"
"Platoon","Drama"
"Platoon","War"
"Platoon","Action"
"Caddyshack","Comedy"
"Bernie","Comedy"
"Bernie","Crime"
"Bernie","Drama"
"Pollock","Drama"
"Pollock","Romance"
"College","Comedy"
"Novocaine","Comedy"
"Novocaine","Crime"
"Novocaine","Thriller"
"Julia","Drama"
"Deadfall","Crime"
"Deadfall","Drama"
"Deadfall","Thriller"
"Emma","Romance"
"Emma","Comedy"
"Emma","Drama"
"Videodrome","Horror"
"Videodrome","Mystery"
"Videodrome","Science Fiction"
"Oorlogswinter","Drama"
"Oorlogswinter","History"
"Oorlogswinter","War"
"Crossover","Action"
"Crossover","Adventure"
"Crossover","Drama"
"Shine","Drama"
"Iris","Drama"
"Iris","Romance"
"Galaxina","Comedy"
"Galaxina","Science Fiction"
"Wonderland","Crime"
"Wonderland","Drama"
"Wonderland","Mystery"
"Wonderland","Thriller"
"R100","Comedy"
"R100","Drama"
"Animals","Drama"
"Hodejegerne","Thriller"
"Hodejegerne","Crime"
"Grabbers","Science Fiction"
"Grabbers","Comedy"
"Grabbers","Thriller"
"Grabbers","Horror"
"Ouija","Horror"
"Monster","Crime"
"Monster","Drama"
"Memento","Mystery"
"Memento","Thriller"
"Oculus","Horror"
"Race","Action"
"Race","Drama"
"Addicted","Drama"
"Addicted","Thriller"
"Nighthawks","Action"
"Nighthawks","Crime"
"Nighthawks","Thriller"
"Diner","Comedy"
"Diner","Drama"
"UHF","Comedy"
"Made","Action"
"Made","Comedy"
"Made","Thriller"
"Moon","Science Fiction"
"Moon","Drama"
"Tycoon","Action"
"Tycoon","Drama"
"Tycoon","Romance"
"Decoys","Horror"
"Decoys","Science Fiction"
"Decoys","Thriller"
"Redacted","Drama"
"Redacted","War"
"Fascination","Romance"
"Fascination","Thriller"
"Rudderless","Music"
"Rudderless","Drama"
"Rudderless","Comedy"
"Hostel","Horror"
"Bound","Crime"
"Bound","Drama"
"Bound","Romance"
"Bound","Thriller"
"Salvador","Drama"
"Karakter","Drama"
"Karakter","Foreign"
"Karakter","History"
"Spun","Comedy"
"Spun","Crime"
"Spun","Drama"
"Blackthorn","Adventure"
"Blackthorn","Action"
"Blackthorn","Western"
"Fugly","Comedy"
"Fugly","Drama"
"Fugly","Thriller"
"Airlift","Thriller"
"Airlift","Action"
"Airlift","Drama"
"Airlift","History"
"Paa","Drama"
"Paa","Family"
"Paa","Foreign"
"Cargo","Thriller"
"Cargo","Mystery"
"Cargo","Science Fiction"
"Maggie","Horror"
"Trapeze","Drama"
"Boyhood","Drama"
"Scoop","Comedy"
"Scoop","Mystery"
"Topaz","Action"
"Topaz","Drama"
"Topaz","Mystery"
"Topaz","Thriller"
"Secretary","Comedy"
"Secretary","Drama"
"Secretary","Romance"
"Thumbsucker","Comedy"
"Thumbsucker","Drama"
"Mirrormask","Fantasy"
"Samsara","Drama"
"Samsara","Documentary"
"Zipper","Thriller"
"Zipper","Drama"
"Joe","Drama"
"Prison","Crime"
"Prison","Drama"
"Prison","Horror"
"Prison","Thriller"
"Trust","Crime"
"Trust","Drama"
"Trust","Thriller"
"Adore","Drama"
"Nothing","Comedy"
"Nothing","Fantasy"
"Nothing","Science Fiction"
"1776","Drama"
"1776","Comedy"
"1776","History"
"1776","Music"
"Inescapable","Thriller"
"Inescapable","Romance"
"Network","Drama"
"Defendor","Drama"
"Defendor","Action"
"Defendor","Comedy"
"Defendor","Crime"
"Friday","Comedy"
"Harper","Action"
"Harper","Drama"
"Harper","Thriller"
"Harper","Crime"
"Harper","Mystery"
"Frenzy","Crime"
"Frenzy","Drama"
"Frenzy","Mystery"
"Frenzy","Thriller"
"Train","Horror"
"Train","Thriller"
"Sharknado","TV Movie"
"Sharknado","Horror"
"Trolljegeren","Fantasy"
"Trolljegeren","Horror"
"Taxman","Action"
"Taxman","Crime"
"Taxman","Comedy"
"Taxman","Thriller"
"August","Drama"
"Choke","Comedy"
"Choke","Drama"
"Whiplash","Drama"
"Jagten","Drama"
"Bella","Drama"
"Bella","Romance"
"Adam","Drama"
"Adam","Romance"
"Beginners","Drama"
"Beginners","Romance"
"Beginners","Comedy"
"Feast","Action"
"Feast","Comedy"
"Feast","Horror"
"Goldfinger","Adventure"
"Goldfinger","Action"
"Goldfinger","Thriller"
"Antiviral","Science Fiction"
"Antiviral","Horror"
"Trainspotting","Drama"
"Trainspotting","Crime"
"Sinister","Horror"
"Sinister","Thriller"
"Sinister","Mystery"
"Water","Drama"
"Water","Foreign"
"Water","Romance"
"Whipped","Comedy"
"Whipped","Romance"
"Jawbreaker","Comedy"
"Basquiat","Drama"
"Basquiat","History"
"Tsotsi","Crime"
"Tsotsi","Drama"
"Happiness","Comedy"
"Happiness","Drama"
"Tusk","Comedy"
"Tusk","Horror"
"Compadres","Action"
"Compadres","Comedy"
"Freeway","Comedy"
"Freeway","Drama"
"Freeway","Thriller"
"Creature","Horror"
"Creature","Science Fiction"
"Creature","Thriller"
"Bachelorette","Comedy"
"Bachelorette","Romance"
"Sommersturm","Comedy"
"Sommersturm","Drama"
"Demonic","Thriller"
"Demonic","Horror"
"Amnesiac","Thriller"
"Amnesiac","Mystery"
"Amnesiac","Drama"
"Amnesiac","Horror"
"Freakonomics","Documentary"
"Unnatural","Thriller"
"Unnatural","Action"
"Unnatural","Horror"
"Ida","Drama"
"Maurice","Drama"
"Maurice","Romance"
"Hud","Action"
"Hud","Drama"
"Hud","Western"
"Religulous","Comedy"
"Religulous","Documentary"
"Fuel","Documentary"
"Fuel","Drama"
"Anatomie","Horror"
"Anatomie","Thriller"
"Super","Comedy"
"Super","Action"
"Super","Drama"
"Stung","Comedy"
"Stung","Horror"
"Antibirth","Horror"
"Thr3e","Drama"
"Thr3e","Horror"
"Thr3e","Thriller"
"Idiocracy","Adventure"
"Idiocracy","Comedy"
"Idiocracy","Science Fiction"
"Fantasia","Animation"
"Fantasia","Family"
"Fantasia","Music"
"Eden","Thriller"
"Eden","Drama"
"Bully","Crime"
"Bully","Drama"
"Elling","Comedy"
"Elling","Drama"
"Containment","Thriller"
"Containment","Horror"
"Containment","Science Fiction"
"Sleeper","Comedy"
"Sleeper","Romance"
"Sleeper","Science Fiction"
"Courageous","Drama"
"Thirteen","Crime"
"Thirteen","Drama"
"Captive","Crime"
"Captive","Drama"
"Captive","Thriller"
"Witchboard","Horror"
"Shortbus","Romance"
"Shortbus","Drama"
"Shortbus","Comedy"
"Clockwatchers","Comedy"
"Clockwatchers","Drama"
"Subway","Action"
"Subway","Thriller"
"Teeth","Comedy"
"Teeth","Horror"
"Stonewall","Drama"
"London","Drama"
"London","Action"
"London","Romance"
"Sherrybaby","Drama"
"Circle","Horror"
"Circle","Science Fiction"
"Plush","Thriller"
"Jerusalema","Drama"
"Jerusalema","Action"
"Jerusalema","Crime"
"Jerusalema","Foreign"
"Stitches","Horror"
"Bananas","Comedy"
"Rockaway","Action"
"Rockaway","Adventure"
"Rockaway","Drama"
"Highway","Action"
"Highway","Adventure"
"Highway","Drama"
"Northfork","Fantasy"
"Northfork","Drama"
"Northfork","Science Fiction"
"Buried","Drama"
"Buried","Thriller"
"Buried","Mystery"
"Submarine","Drama"
"Submarine","Comedy"
"Submarine","Romance"
"Abandoned","Drama"
"Abandoned","Thriller"
"Songcatcher","Drama"
"Songcatcher","Music"
"Sublime","Horror"
"Sublime","Thriller"
"May","Drama"
"May","Horror"
"May","Thriller"
"May","Romance"
"Dabba","Drama"
"Dabba","Romance"
"Yes","Drama"
"Yes","Romance"
"Foolish","Comedy"
"Foolish","Drama"
"Waitress","Comedy"
"Bloodsport","Action"
"Kids","Drama"
"Kids","Crime"
"Spellbound","Drama"
"Spellbound","Mystery"
"Spellbound","Thriller"
"Exotica","Drama"
"Exotica","Mystery"
"Insidious","Horror"
"Insidious","Thriller"
"Unsullied","Thriller"
"Unsullied","Action"
"Unsullied","Horror"
"Hatchet","Comedy"
"Hatchet","Horror"
"Amigo","Drama"
"Amigo","History"
"Amigo","War"
"Pontypool","Horror"
"Pontypool","Mystery"
"Pontypool","Science Fiction"
"Trucker","Drama"
"Housebound","Horror"
"Housebound","Comedy"
"Housebound","Thriller"
"Checkmate","Thriller"
"Checkmate","Action"
"Checkmate","Crime"
"Shalako","Western"
"GirlHouse","Horror"
"GirlHouse","Thriller"
"Batman","Family"
"Batman","Adventure"
"Batman","Comedy"
"Batman","Science Fiction"
"Batman","Crime"
"Festen","Drama"
"Rebecca","Drama"
"Rebecca","Mystery"
"Niagara","Crime"
"Niagara","Drama"
"Niagara","Thriller"
"Saw","Horror"
"Saw","Mystery"
"Saw","Crime"
"Q","Drama"
"Q","Romance"
"Airborne","Action"
"Airborne","Adventure"
"Airborne","Comedy"
"Casablanca","Drama"
"Casablanca","Romance"
"Rocky","Drama"
"Unfriended","Horror"
"Unfriended","Thriller"
"Hellraiser","Horror"
"Transamerica","Drama"
"Departure","Drama"
"Departure","Romance"
"Departure","Family"
"Slam","Drama"
"Fiza","Drama"
"Fiza","Foreign"
"Fiza","Romance"
"Orgazmo","Comedy"
"Ajami","Crime"
"Ajami","Drama"
"Jagal","Documentary"
"Hardflip","Drama"
"Hardflip","Action"
"Special","Drama"
"Special","Fantasy"
"Special","Science Fiction"
"Heli","Crime"
"Heli","Drama"
"Hits","Drama"
"Hits","Comedy"
"Proud","Drama"
"Charly","Drama"
"Charly","Romance"
"Charly","Science Fiction"
"Circumstance","Drama"
"Bambi","Animation"
"Bambi","Drama"
"Bambi","Family"
"1982","Drama"
"Deterrence","Action"
"Deterrence","Drama"
"Deterrence","Mystery"
"Deterrence","Thriller"
"Vessel","Horror"
"Vessel","Science Fiction"
"Bled","Horror"
"Rize","Documentary"
"Adulterers","Thriller"
"Adulterers","Crime"
"Adulterers","Drama"
"Starsuckers","Documentary"
"Starsuckers","Foreign"
"After","Mystery"
"After","Thriller"
"Treachery","Drama"
"Walter","Drama"
"Walter","Comedy"
"Woodstock","History"
"Woodstock","Documentary"
"Woodstock","Music"
"Fireproof","Drama"
"Benji","Adventure"
"Benji","Family"
"Benji","Romance"
"Wordplay","Documentary"
"Osama","Drama"
"Groove","Drama"
"Groove","Music"
"Groove","Romance"
"Rubber","Comedy"
"Rubber","Drama"
"Rubber","Fantasy"
"Rubber","Horror"
"Rubber","Mystery"
"Monsters","Drama"
"Monsters","Thriller"
"Monsters","Science Fiction"
"Subconscious","Action"
"Subconscious","Thriller"
"Subconscious","Mystery"
"Metropolitan","Comedy"
"Metropolitan","Drama"
"Roadside","Horror"
"Roadside","Drama"
"Tarnation","Documentary"
"Tarnation","Drama"
"Fabled","Drama"
"Fabled","Mystery"
"Fabled","Thriller"
"Intolerance","Drama"
"Trekkies","Documentary"
"Maniac","Horror"
"Murderball","Documentary"
"Tumbleweeds","Comedy"
"Tumbleweeds","Drama"
"Bizarre","Drama"
"Bizarre","Romance"
"Compliance","Drama"
"Compliance","Thriller"
"Compliance","Crime"
"Cube","Thriller"
"Cube","Science Fiction"
"Cube","Mystery"
"November","Drama"
"November","Mystery"
"November","Thriller"
"Exam","Thriller"
"Exam","Mystery"
"Rust","Drama"
"Ink","Action"
"Ink","Fantasy"
"Butterfly","Crime"
"Butterfly","Drama"
"Bronson","Drama"
"Bronson","Action"
"Bronson","Crime"
"Burn","Foreign"
"Burn","Documentary"
"Urbania","Romance"
"Urbania","Drama"
"Swingers","Comedy"
"Swingers","Romance"
"Drei","Romance"
"Drei","Drama"
"Drei","Comedy"
"Malevolence","Crime"
"Malevolence","Horror"
"Malevolence","Thriller"
"Baghead","Drama"
"Baghead","Comedy"
"Baghead","Horror"
"Solitude","Horror"
"Ordet","Drama"
"Weekend","Drama"
"Weekend","Romance"
"Tadpole","Comedy"
"Tadpole","Drama"
"Tadpole","Romance"
"Once","Drama"
"Once","Music"
"Once","Romance"
"Aroused","Documentary"
"Eraserhead","Drama"
"Eraserhead","Fantasy"
"Eraserhead","Horror"
"Eraserhead","Science Fiction"
"Penitentiary","Action"
"Penitentiary","Drama"
"Straightheads","Thriller"
"Pi","Mystery"
"Pi","Drama"
"Pi","Thriller"
"Absentia","Mystery"
"Absentia","Horror"
"Absentia","Thriller"
"Hayride","Thriller"
"Hayride","Horror"
"Counting","Documentary"
"Clerks","Comedy"
"Manito","Drama"
"Rampage","Action"
"Rampage","Drama"
"Rampage","Crime"
"Rampage","Thriller"
"Slacker","Comedy"
"Flywheel","Drama"
"Flywheel","Family"
"Backmask","Thriller"
"Backmask","Horror"
"Clean","Drama"
"Bang","Drama"
"Primer","Science Fiction"
"Primer","Drama"
"Primer","Thriller"
"Cavite","Foreign"
"Cavite","Thriller"
"Newlyweds","Comedy"
"Newlyweds","Romance"
